PHRASE,SYNONYMS-OF,CATEGORY,DISEASE
#blinkhealth,blinkhealth,card,
blink,blinkhealth,card,
blink account,blinkhealth,card,
blink card,blinkhealth,card,
blink commercial,blinkhealth,card,
blink experience,blinkhealth,card,
blink health,blinkhealth,card,
blink health,blinkhealth,card,
blink health gospel,blinkhealth,card,
blink health nation,blinkhealth,card,
blink health price,blinkhealth,card,
blink health purchase,blinkhealth,card,
blink health site,blinkhealth,card,
blink purchase,blinkhealth,card,
blink today,blinkhealth,card,
manufacturer coupon,coupon,card,
#goodrx,goodrx,card,
#goodrxhelps,goodrx,card,
good rx,goodrx,card,
goodrx customer,goodrx,card,
goodrx hq,goodrx,card,
google goodrx,goodrx,card,
q3 goodrx,goodrx,card,
rx gold,goodrx,card,
prescription/health card,"health savings, health card",card,
rx affiliate programs,"health savings, health card",card,
savings card,"health savings, health card",card,
specialty rx,"health savings, health card",card,
startup health company,"health savings, health card",card,
#honeybee,honeybee,card,
beelievers,honeybee,card,
keppra rx,keppra,card,
pillpack,"pill pack, pharmacy",card,
job pill pack,pillpack,card,
pill box,pillpack,card,
pill pack team,pillpack,card,
pillpack account today,pillpack,card,
pillpacks,pillpack,card,
pillpak today,pillpack,card,
blinkhealth,blinkhealth,card,
pillpack,pillpack,card,
accept blink,blinkhealth,card+,
blink bulletin,blinkhealth,card+,
blink health customer care team,blinkhealth,card+,
blink health team,blinkhealth,card+,
blink nation,blinkhealth,card+,
blink rx,blinkhealth,card+,
blink savings,blinkhealth,card+,
blink story,blinkhealth,card+,
blink voucher,blinkhealth,card+,
blinkers,blinkhealth,card+,
competition prices,cost saver,card+,
consumer choice,cost saver,card+,
consumer empowerment,cost saver,card+,
cost savings,cost saver,card+,
drug rebates,cost saver,card+,
empathy cards,cost saver,card+,
health care savings,cost saver,card+,
insulin savings program,cost saver,card+,
manufacturer copay offer,cost saver,card+,
manufacturer savings cards,cost saver,card+,
membership prices,cost saver,card+,
money saver,cost saver,card+,
pharmacy membership programs,cost saver,card+,
prescription savings,cost saver,card+,
coupon cards,coupon,card+,
coupon prices,coupon,card+,
coupon provider,coupon,card+,
deal-finding services,coupon,card+,
list manufacturer coupons,coupon,card+,
pharmacy coupon,coupon,card+,
price lookup,coupon,card+,
proair coupon,coupon,card+,
protonix coupon,coupon,card+,
qualifying items,coupon,card+,
referral coupons,coupon,card+,
discount card,discount card,card+,
discount cards,discount card,card+,
discount program,discount card,card+,
discount programs,discount card,card+,
discount providers,discount card,card+,
discount services,discount card,card+,
discout,discount card,card+,
insulin discount program,discount card,card+,
medication discount,discount card,card+,
medication discount card,discount card,card+,
membership discount programs,discount card,card+,
pharmacy discount cards,discount card,card+,
pharmacy discount programs,discount card,card+,
premium savings program,discount card,card+,
prescription discounts,discount card,card+,
prescription program,discount card,card+,
prescriptions discounts,discount card,card+,
rebate system,discount card,card+,
referral discount,discount card,card+,
referral program,discount card,card+,
rx coupon,discount card,card+,
rx discount,discount card,card+,
rx discounts,discount card,card+,
savings card monitor,discount card,card+,
derek goodrx gold,goodrx,card+,
card,health card,card+,
card information,health card,card+,
cards,health card,card+,
club prices,health card,card+,
copay cards,health card,card+,
cvs caremark plan,health card,card+,
rx card,health card,card+,
#savings,health savings,card+,
advantage plan,"health savings, health card",card+,
affiliate program,"health savings, health card",card+,
amzn,"health savings, health card",card+,
patient assistance programs,"health savings, health card",card+,
honey bee,honeybee,card+,
honeybee health,honeybee,card+,
honeybee health owner,honeybee,card+,
honeybee health pharmacy,honeybee,card+,
honeybee pharmacist,honeybee,card+,
honeybee pharmacists,honeybee,card+,
honeybee pharmacist's today,honeybee,card+,
honeybee tip,honeybee,card+,
thanks honeybee health,honeybee,card+,
love pill pack,pillpack,card+,
pill pack genius thing,pillpack,card+,
pillpack schedule,pillpack,card+,
savings club,savings club,card+,
savings club membership,savings club,card+,
savings program,savings club,card+,
savings tips,savings club,card+,
cost saver,,card+,
coupon,,card+,
goodrx,,card+,
health plans,,card+,
healthcare transformers,,card+,
honeybee,,card+,
hoyrx,,card+,
kroger rx,,card+,
cash,cash price,cost,
cash money,cash price,cost,
cash pay,cash price,cost,
cash price,cash price,cost,
cash prices,cash price,cost,
copay-insurance,copay,cost,
c-pay,copay,cost,
day co-pay,copay,cost,
insurance copay,copay,cost,
insurance copays,copay,cost,
copay,"copay, insurance coverage",cost,
cost,cost medication,cost,
cost healthcare,cost medication,cost,
cost information,cost medication,cost,
cost medication,cost medication,cost,
cost medications,cost medication,cost,
cost medications sales,cost medication,cost,
cost reasons,cost medication,cost,
cost/quality options,cost medication,cost,
costs,cost medication,cost,
drive prices,cost medication,cost,
med costs,cost medication,cost,
medication cost,cost medication,cost,
medication costs,cost medication,cost,
medication prices,cost medication,cost,
medications cost,cost medication,cost,
medicine cost,cost medication,cost,
medicine prices,cost medication,cost,
prescription cost,cost medication,cost,
prescription costs,cost medication,cost,
prescription drug costs,cost medication,cost,
prescription drug prices,cost medication,cost,
prescription drug pricing,cost medication,cost,
prescription price,cost medication,cost,
prescription prices,cost medication,cost,
prescription prices way,cost medication,cost,
prescriptions cost,cost medication,cost,
price,cost medication,cost,
prices,cost medication,cost,
pricing medications,cost medication,cost,
retail pharmacy pricing,cost medication,cost,
retail self-pay prices,cost medication,cost,
rx cost analysis,cost medication,cost,
rx costs,cost medication,cost,
rx plan,cost medication,cost,
rx price,cost medication,cost,
rx prices,cost medication,cost,
deductible,deductible,cost,
deductibles,deductible,cost,
insurance deductibles,deductible,cost,
difference,difference,cost,
differences,difference,cost,
dollar difference,difference,cost,
#drugprices,drug price,cost,
#rx price,drug price,cost,
anxiety medication costs,drug price,cost,
brand name price,drug price,cost,
commercial payments,drug price,cost,
comparison shop,drug price,cost,
competition,drug price,cost,
condition others,drug price,cost,
drug cost,drug price,cost,
drug costs,drug price,cost,
drug list prices,drug price,cost,
drug price,drug price,cost,
drug price information,drug price,Cost,
drug prices,drug price,cost,
drug pricing,drug price,cost,
drug pricing expert,drug price,cost,
drug pricing today,drug price,cost,
drugs cost,drug price,cost,
drugs prices,drug price,cost,
name drug prices,drug price,cost,
price prescription drugs,drug price,cost,
specialty drug prices,drug price,cost,
specialty drugs cost,drug price,cost,
specialty medication price,drug price,cost,
cancer drug prices,"drug price, cancer",cost,
ins costs,"drug price, insulin",cost,
insulin prices,"drug price, insulin",cost,
expense,expense,cost,
expenses,expense,cost,
health care cost,health costs,cost,
health costs,health costs,cost,
healthcare cost,health costs,cost,
healthcare costs,health costs,cost,
healthcare expenses,health costs,cost,
healthcare prices,health costs,cost,
healthcare quality cost,health costs,cost,
hospital bills,health costs,cost,
hospital funds,health costs,cost,
inflation,health costs,cost,
patients money,health costs,cost,
treatment costs,health costs,cost,
hsa,health savings,cost,
healthcare cost,healthcare cost,cost,
pocket healthcare costs,healthcare cost,cost,
income,income,cost,
incomes,income,cost,
insurance coverage,insurance coverage,cost,
bill,insurance price,cost,
bill insurance,insurance price,cost,
billing,insurance price,cost,
insurance company price,insurance price,cost,
insurance design model,insurance price,cost,
insurance prices,insurance price,cost,
medicare billing,insurance price,cost,
medicare drug costs,insurance price,cost,
pharmacy costs,pharmacy costs,cost,
pharmacy prices,pharmacy costs,cost,
pharmacy pricing,pharmacy costs,cost,
pharmacy reimbursement,pharmacy costs,cost,
rx cost,pharmacy costs,cost,
price alert,price,cost,
price comparison shopping,price,cost,
price comparisons,price,cost,
price controls,price,cost,
price data,price,cost,
price information,price,cost,
price options,price,cost,
price quote,price,cost,
price tag,price,cost,
prices today,price,cost,
prices update,price,cost,
pricing,price,cost,
pricing info,price,cost,
copay,copay,cost-,
co-pay,copay,cost-,
copay clawbacks,copay,cost-,
co-pay money,copay,cost-,
copays,copay,cost-,
co-pays,copay,cost-,
med copay,copay,cost-,
greed,cost medication,cost-,
medical bills,cost medication,cost-,
overpayments,cost medication,cost-,
prescription costs,cost medication,cost-,
prescription drug cartels,cost medication,cost-,
price bumps,cost medication,cost-,
retail price,cost medication,cost-,
cost difference,difference,cost-,
coverage gap,difference,cost-,
coverage gaps,difference,cost-,
gap coverage,difference,cost-,
pocket costs,difference,cost-,
pocket expense,difference,cost-,
pocket expenses,difference,cost-,
price difference,difference,cost-,
drug hikes,drug price,cost-,
drug lobby,drug price,cost-,
drug price hikes,drug price,cost-,
drug prices drug price hikes,drug price,cost-,
high drug cost,drug price,cost-,
high drug costs,drug price,cost-,
higher cost,drug price,cost-,
insulin cost,"drug price, insulin",cost-,
#healthcare costs,health costs,cost-,
health care prices,health costs,cost-,
patient costs,health costs,cost-,
cost barriers,insurance limits,cost-,
middle man,middleman,cost-,
middleman,middleman,cost-,
middlemen,middleman,cost-,
middle-men,middleman,cost-,
middlemen profit,middleman,cost-,
pharmas drug price stranglehold,pharmacy costs,cost-,
prescription sticker shock,price hike,cost-,
price gouging,price hike,cost-,
price hike controversy,price hike,cost-,
price hikes,price hike,cost-,
price increase,price hike,cost-,
price madness,price hike,cost-,
price-fixing,price hike,cost-,
pricing variations,price hike,cost-,
rip-off,price hike,cost-,
rise,price hike,cost-,
rob americans,price hike,cost-,
rx price nightmares,price hike,cost-,
insulin costs,"cost medication, insulin",cost- ,
#blinksavings,blinkhealth,cost+,
blink price,blinkhealth,cost+,
cheapprescriptions,cost medication,cost+,
deal price,cost saver,cost+,
discount prices,cost saver,cost+,
discounts,cost saver,cost+,
discounts,cost saver,cost+,
discounts/rebates,cost saver,cost+,
drug price relief,cost saver,cost+,
drug savings programs,cost saver,cost+,
drug-discount website,cost saver,cost+,
low drug cost,cost saver,cost+,
low drug costs,cost saver,cost+,
lower cost,cost saver,cost+,
lower drug cost,cost saver,cost+,
lower drug costs,cost saver,cost+,
medication cost savings opportunities,cost saver,cost+,
medication savings,cost saver,cost+,
price cuts,cost saver,cost+,
price drop,cost saver,cost+,
price match,cost saver,cost+,
promo,cost saver,cost+,
promotion,cost saver,cost+,
promotions,cost saver,cost+,
rebate,cost saver,cost+,
rebates,cost saver,cost+,
rebates,cost saver,cost+,
refund,cost saver,cost+,
refundable,cost saver,cost+,
reimbursement,cost saver,cost+,
save,cost saver,cost+,
saved,cost saver,cost+,
saving,cost saver,cost+,
savings,cost saver,cost+,
savings options,cost saver,cost+,
savings programs,cost saver,cost+,
savings tip,cost saver,cost+,
savings tips,cost saver,cost+,
savings tips page,cost saver,cost+,
coupon,coupon,cost+,
coupon app,coupon,cost+,
coupons,coupon,cost+,
manufacturer coupons,coupon,cost+,
prescription coupon,coupon,cost+,
rx coupon tl,coupon,cost+,
coupon voteblink,"coupon, blinkhealth",cost+,
#healthsavingsaccount funds,health savings,cost+,
#savings story,health savings,cost+,
affordability,health savings,cost+,
health deals,health savings,cost+,
health savings account,health savings,cost+,
quality transparency healthcare costs,transparency,cost+,
blink user,blinkhealth,customers+,
blink users,blinkhealth,customers+,
client,client,customers+,
clients,client,customers+,
consumer power,client,customers+,
consumers,client,customers+,
customer,client,customers+,
customer data,client,customers+,
customers,client,customers+,
enrollees,client,customers+,
member,client,customers+,
members,client,customers+,
membership,client,customers+,
consumers health,consumer health,health,
diet changes,diet,health,
athlete,exercise,health,
sport,exercise,health,
snacks,food,health,
#healthcare,healthcare,health,
healthcare advocates,healthcare,health,
healthcare analytics,healthcare,health,
healthcare landscape,healthcare,health,
healthcare nerds,healthcare,health,
healthcare stakeholder triangle,healthcare,health,
healthcare tech,healthcare,health,
healthcare transformer,healthcare,health,
aging,,health,
blood donation,,health,
consumer health,,health,
drug test,,health,
gut health,,health,
healers,,health,
health,,health,
health information,,health,
life expectancy,,health,
memory bracelets,,health,
sunlight,,health,
weight,,health,
wellbeing,,health,
beer,alcohol,health-,
worry,anxiety,health-,
withdrawals,depression,health-,
disabilities,disability,health-,
wheelchair,disability,health-,
inactivity,exercise,health-,
stress,mental health,health-,
medication side effects,side effects,health-,
alcohol,,health-,
complications,,health-,
death,,health-,
disability,,health-,
effectiveness concerns,,health-,
germs,,health-,
killer,,health-,
mobility issues,,health-,
side effects,,health-,
substances,,health-,
cures,cure,health+,
diet,diet,health+,
diets,diet,health+,
athletes,exercise,health+,
cycling,exercise,health+,
exercise,exercise,health+,
fitness,exercise,health+,
fitness resolutions,exercise,health+,
gym,exercise,health+,
power soccer,exercise,health+,
sports,exercise,health+,
triathlete,exercise,health+,
walk,exercise,health+,
weightlifting,exercise,health+,
workout,exercise,health+,
goals,goal,health+,
honey,honeybee,health+,
#therapy,therapy,health+,
weight loss medication contrave,weight loss,health+,
weight loss meds,weight loss,health+,
weight loss options,weight loss,health+,
#meditation,yoga,health+,
#yoga,yoga,health+,
meditation,yoga,health+,
beauty,,health+,
bed rest,,health+,
benefit,,health+,
bionic,,health+,
blessing,,health+,
comedians,,health+,
cure,,health+,
dream,,health+,
fight,,health+,
fishing,,health+,
goal,,health+,
healing,,health+,
healing power,,health+,
healthcare disrupters,,health+,
honesty,,health+,
hospital art,,health+,
hug,,health+,
invincibility,,health+,
life saver,,health+,
lifestyle,,health+,
longevity,,health+,
music healer,,health+,
positivity,,health+,
recovery,,health+,
relief,,health+,
roses,,health+,
self-care,,health+,
self-worth,,health+,
step therapy,,health+,
survival,,health+,
therapies,,health+,
wellness issue,,health+,
work/life balance,,health+,
asthma inhalers,asthma inhaler,inhaler,"asthma, copd"
breath-actuated,asthma inhaler,inhaler,"asthma, copd"
diskus,asthma inhaler,inhaler,"asthma, copd"
ellipta inhaler,asthma inhaler,inhaler,"asthma, copd"
inhalation,asthma inhaler,inhaler,"asthma, copd"
inhaler,asthma inhaler,inhaler,"asthma, copd"
inhaler,asthma inhaler,inhaler,"asthma, copd"
inhalers,asthma inhaler,inhaler,"asthma, copd"
rescue inhalers,asthma inhaler,inhaler,"asthma, copd"
russ,asthma inhaler,inhaler,"asthma, copd"
russ inhaler,asthma inhaler,inhaler,"asthma, copd"
ventolin,asthma inhaler,inhaler,"asthma, copd"
asthma inhaler,,inhaler,"asthma, copd"
cross/blueshied,"Blue Cross, Blue Shield, insurance company",insurance,
cross,"Blue Cross, insurance company",insurance,
blueshied,"Blue Shield, insurance company",insurance,
contraception insurance coverage,"contraception, insurance coverage",insurance,
insurance co-pay,"copay, insurance coverage",insurance,
aetna,insurance company,insurance,
aviva,insurance company,insurance,
bfs insurance limits,insurance company,insurance,
Blue Cross,insurance company,insurance,
Blue Shield,insurance company,insurance,
cigna,insurance company,insurance,
cms,insurance company,insurance,
freedom health care,insurance company,insurance,
health insurer,insurance company,insurance,
humana,insurance company,insurance,
iehp,insurance company,insurance,
insurance companies,insurance company,insurance,
insurance companies,insurance company,insurance,
insurance corporations,insurance company,insurance,
insurance giants,insurance company,insurance,
insurance industry,insurance company,insurance,
insurance provider,insurance company,insurance,
insurance providers,insurance company,insurance,
insurer,insurance company,insurance,
kaiser,insurance company,insurance,
mercy,insurance company,insurance,
mica,insurance company,insurance,
insurance deductible,"insurance company, deductible",insurance,
care plans,insurance coverage,insurance,
coverage,insurance coverage,insurance,
coverage networks,insurance coverage,insurance,
coverage sitch,insurance coverage,insurance,
drug coverage,insurance coverage,insurance,
drug plan,insurance coverage,insurance,
employee drug benefits plans,insurance coverage,insurance,
employee insurance plans,insurance coverage,insurance,
employee plans,insurance coverage,insurance,
employer plans,insurance coverage,insurance,
enrollment period,insurance coverage,insurance,
government health plan,insurance coverage,insurance,
health coverage,insurance coverage,insurance,
health insurance,insurance coverage,insurance,
health plan,insurance coverage,insurance,
healthcare options,insurance coverage,insurance,
hhs,insurance coverage,insurance,
ins,insurance coverage,insurance,
insurance,insurance coverage,insurance,
insurance benefits,insurance coverage,insurance,
insurance information,insurance coverage,insurance,
insurance pharmacy gag clauses,insurance coverage,insurance,
insurance plan,insurance coverage,insurance,
insurance premiums,insurance coverage,insurance,
insurance status,insurance coverage,insurance,
insurance terminology,insurance coverage,insurance,
medicare,insurance coverage,insurance,
medication compliance,insurance coverage,insurance,
obamacare,insurance coverage,insurance,
obamacare,insurance coverage,insurance,
parents insurance,insurance coverage,insurance,
policy changes,insurance coverage,insurance,
premiums,insurance coverage,insurance,
prescription coverage,insurance coverage,insurance,
prescription coverage policy,insurance coverage,insurance,
prescription drug coverage],insurance coverage,insurance,
prescription ins,insurance coverage,insurance,
prescription insurance,insurance coverage,insurance,
quantity limits,insurance coverage,insurance,
insurance plans,"insurance coverage, insurance plan",insurance,
pension retirement program/plan,"insurance coverage, insurance plan",insurance,
employer health plans,insurance plan,insurance,
pharmacy plan,insurance plan,insurance,
plans,insurance plan,insurance,
platinum plans,"insurance plan, insurance company",insurance,
medicaid,"medicaid, insurance coverage",insurance,
medicaid/molina,"medicaid, insurance coverage",insurance,
medication options,"medicaid, insurance coverage",insurance,
state medicaid,"medicaid, insurance coverage",insurance,
state medicaid plans,"medicaid, insurance coverage",insurance,
advantage beneficiaries,"medicare, insurance coverage",insurance,
advantage enrollment window,"medicare, insurance coverage",insurance,
medicare,"medicare, insurance coverage",insurance,
medicare advantage plan,"medicare, insurance coverage",insurance,
medicare benefit,"medicare, insurance coverage",insurance,
medicare card,"medicare, insurance coverage",insurance,
medicare cards,"medicare, insurance coverage",insurance,
medicare drug company,"medicare, insurance coverage",insurance,
medicare insurance,"medicare, insurance coverage",insurance,
medicare plan,"medicare, insurance coverage",insurance,
medicare system,"medicare, insurance coverage",insurance,
medicare/medicaid,"medicare, medicaid, insurance coverage",insurance,
insurance,,insurance,
insurance coverage,,insurance,
insurance- cost,insurance coverage,insurance-,
insurance payments,insurance coverage,insurance-,
bfs insurance limits,"insurance limits, insurance coverage",insurance-,
coverage restrictions,"insurance limits, insurance coverage",insurance-,
denial,"insurance limits, insurance coverage",insurance-,
insurance troubles,"insurance limits, insurance coverage",insurance-,
non coverage,"insurance limits, insurance coverage",insurance-,
prescription quantity limits,"insurance limits, insurance coverage",insurance-,
refusal,"insurance limits, insurance coverage",insurance-,
antibiotic,antibiotic,medication,infection
antibiotic overuse,antibiotic,medication,infection
antibiotic resistance,antibiotic,medication,infection
antibiotics,antibiotic,medication,infection
doxycycline,antibiotic,medication,infection
anticoagulant drugs,anticoagulant,medication,blood thinners
anticoagulant medications,anticoagulant,medication,blood thinners
anticoagulants,anticoagulant,medication,blood thinners
birthcontrol,birth control,medication,birth control
blood pressure drug,blood pressure drug,medication,"heart disease, hypertension"
blood pressure drugs,blood pressure drug,medication,"heart disease, hypertension"
blood pressure drugs stack,blood pressure drug,medication,"heart disease, hypertension"
blood pressure medication,blood pressure drug,medication,"heart disease, hypertension"
blood pressure medications,blood pressure drug,medication,"heart disease, hypertension"
blood pressure medicine,blood pressure drug,medication,"heart disease, hypertension"
blood pressure meds,blood pressure drug,medication,"heart disease, hypertension"
blood pressure pills,blood pressure drug,medication,"heart disease, hypertension"
brand drug,brand-name,medication,
brand drugs,brand-name,medication,
brand equivalent,brand-name,medication,
brand name drug,brand-name,medication,
brand name drugs,brand-name,medication,
brand name listing,brand-name,medication,
brand name medication,brand-name,medication,
brands,brand-name,medication,
name brand,brand-name,medication,
name drugs,brand-name,medication,
name medications,brand-name,medication,
name meds,brand-name,medication,
drug combination,combination meds,medication,cancer
dosage,dosage,medication,
epi-pen,epipen,medication,"asthma, copd"
prescription eyedrops,eyedrops,medication,eyedrops
doctor-recommended alternatives,generic,medication,
equivalent drug,generic,medication,
generics,generic,medication,
glucose monitors,glucose monitor,medication,diabetes
admelog,insulin,medication,diabetes
humalog,insulin,medication,diabetes
injection pen,insulin,medication,diabetes
injection process,insulin,medication,diabetes
insulin,insulin,medication,diabetes
insulin pens,insulin,medication,diabetes
insulins,insulin,medication,diabetes
lispro,insulin,medication,diabetes
novolog,insulin,medication,diabetes
keppra er,keppra,medication,seizures
medications,medication,medication,
medication's,medication,medication,
medicine,medication,medication,
medicines,medication,medication,
meds,medication,medication,
meds/pills,medication,medication,
prescriptiondrugs,medication,medication,
therapeutics,medication,medication,mental health
vial,medication,medication,
day med supply,medication supply,medication,
day supplies,medication supply,medication,
day supply,medication supply,medication,
med pack,"medication, pill pack",medication,
relaxant,muscle relaxant,medication,anxiety 
relaxants,muscle relaxant,medication,anxiety
relaxer,muscle relaxant,medication,muscle relaxant
robaxin,muscle relaxant,medication,pain
non-insulin diabetes drugs work,non-insulin,medication,diabetes
counter medications,otc,medication,
counter meds,otc,medication,
rx's,"prescription, rx",medication,
proton pump inhibitors,proton-pump inhibitors,medication,
rosacea treatment,rosacea,medication,rosacea
rosacea treatments,rosacea,medication,rosacea
shingles shot,shingles vaccine,medication,"shingles, vaccine"
shingles vaccine,shingles vaccine,medication,"shingles, vaccine"
shingles vaccines,shingles vaccine,medication,"shingles, vaccine"
shingrix,shingles vaccine,medication,"shingles, vaccine"
drug side effects,side effects,medication,side effects
specialty drugs-,specialty drugs,medication,
specialty drugs designation,specialty drugs,medication,
specialty medications,specialty drugs,medication,
acetaminophen,,medication,pain
acid-suppressive,,medication,ulcers
actos,,medication,diabetes
acyclovir,,medication,virus
adderall,,medication,attention deficit
advil,,medication,inflamation
albuterol,,medication,bronchospasm
allergy med,,medication,allergy
allergy medication,,medication,allergy
allergy medication prescriptions,,medication,allergy
allergy medications,,medication,allergy
allergy meds,,medication,allergy
allergy prescriptions,,medication,allergy
allergy relief aisle,,medication,allergy
allergy relief med,,medication,allergy
allergy relief meds,,medication,allergy
allergy relief options,,medication,allergy
allergy reliever,,medication,allergy
allergy reliever zyrtec,,medication,allergy
ambien,,medication,insomnia
amiodorone,,medication,heart disease
amlodipine,,medication,"heart disease, hypertension"
amoxicillin,,medication,infection
anemia drugs,,medication,anemia
anti migraine medicine,,medication,migraine
anticoagulant,,medication,blood thinners
antidepressant,,medication,antidepressant
antidepressant,,medication,antidepressant
antidepressant meds,,medication,antidepressant
antidepressants,,medication,antidepressant
anti-epileptic,,medication,"pain, seizures"
antihistamine,,medication,allergy
antihistamines,,medication,allergy
anxiety medication,,medication,anxiety
anxiety medications,,medication,anxiety
anxiety meds,,medication,anxiety
arikayce,,medication,infection
aspirin,,medication,inflammation
asthma drug qvar,,medication,asthma
asthma inhaler ventolin hfa,,medication,asthma
asthma medication,,medication,asthma
asthma medications,,medication,"asthma, copd"
asthma meds,,medication,asthma
asthma meds,,medication,"asthma, copd"
asthma prescriptions,,medication,"asthma, copd"
asthma relief,,medication,"asthma, copd"
asthma treatment qvar,,medication,asthma
astrid,,medication,eating disorder
atorvastatin,,medication,cholesterol 
benadryl,,medication,allergy
benzodiazepines,,medication,mental health
beta blocker,,medication,"heart disease, hypertension"
beta blockers,,medication,"heart disease, hypertension"
beta-blockers,,medication,"heart disease, hypertension"
birth,,medication,birth control
birth birth control medications,,medication,birth control
birth control implant,,medication,birth control
birth control implant essure,,medication,birth control
birth control medications,,medication,birth control
birth control package,,medication,birth control
birth control packaging errors,,medication,birth control
birth control pills,,medication,birth control
birth control subscription options,,medication,birth control
birth control taytulla,,medication,birth control
blockbuster cancer drug,,medication,cancer
blood glucose meters,,medication,diabetes
blood monitoring,,medication,diabetes
botox,,medication,migraine
brain medicine,,medication,brain
bydureon,,medication,diabetes
cancer drug,,medication,cancer
cancer drugs,,medication,cancer
cancer medications,,medication,cancer
cancer meds,,medication,cancer
cancer treatments,,medication,cancer
cannabis,,medication,cannabis
cannabis-derived medication,,medication,cannabis
carvedilol,,medication,"heart disease, hypertension"
cbd,,medication,cannabis 
c-braces,,medication,orthosis 
chantix,,medication,smoking
chemo,,medication,cancer
chemo,,medication,cancer
cholesterol drug,,medication,cholesterol 
cholesterol medicines,,medication,cholesterol
cholesterol treatment,,medication,cholesterol 
cholesterol treatment ellazor,,medication,cholesterol 
cialis,,medication,erectile dysfunction
cinryze,,medication,hereditary angioedema
clarinex,,medication,allergy 
claritin,,medication,allergy 
clopidogrel,,medication,"heart disease, hypertension"
combination meds,,medication,cancer
common antibiotic,,medication,infection
contraception,,medication,birth control
contraceptives,,medication,birth control
contrave,,medication,weight loss
contrave,,medication,weight loss
control pills,,medication,birth control
coreg,,medication,"heart disease, hypertension"
cough medication,,medication,cough
cough medicine,,medication,cough
creams,,medication,cream
crestor,,medication,cholesterol 
crestor),,medication,cholesterol
cymbalta,,medication,antidepressant
day glucose monitoring system,,medication,diabetes
decongestants,,medication,allergy
depressants,,medication,antidepressant
dexilant,,medication,heartburn
diabetes drug,,medication,diabetes
diabetes medication,,medication,diabetes
diabetes medication,,medication,diabetes
diabetes medications,,medication,diabetes
diabetes medicine,,medication,diabetes
diabetes meds,,medication,diabetes
diabetes meds,,medication,diabetes
diabetes test strips,,medication,diabetes
dialysis,,medication,kidney
diazepam,,medication,anxiety
divalproex,,medication,seizure
drug adherence,,medication,
drug interactions,,medication,
drug overdose deaths,,medication,drug overdose
dysfunction drugs,,medication,erectile dysfunction
dysfunction medications,,medication,erectile dysfunction
dysfunction meds,,medication,erectile dysfunction
eliquis,,medication,anticoagulant 
ellipta,,medication,"asthma, copd"
emergency contraception,,medication,birth control
epilepsy drug,,medication,epilepsy
epilepsy drug epidiolex,,medication,epilepsy
epilepsy medication,,medication,epilepsy
epinephrine,,medication,vasoconstrictor
epipen,,medication,asthma
epipen,,medication,allergy
erectile dysfunction drugs,,medication,erectile dysfunction
estrogen,,medication,birth control
eyedrops,,medication,eyedrops
flu medicines,,medication,"vaccine, flu"
flu meds,,medication,"flu, vaccine"
flu meds,,medication,"vaccine, flu"
flu products,,medication,"vaccine, flu"
flu shot,,medication,"vaccine, flu"
flu shot day,,medication,"vaccine, flu"
flu shots,,medication,"vaccine, flu"
flu treatment,,medication,"vaccine, flu"
flu treatment options,,medication,"vaccine, flu"
flu treatment tamiflu,,medication,"vaccine, flu"
flu vaccine,,medication,"vaccine, flu"
flu vaccine options,,medication,"vaccine, flu"
flu vaccines,,medication,"vaccine, flu"
fluoxetine,,medication,OCD
flushot,,medication,"flu, vaccine"
flushot,,medication,"vaccine, flu"
gabapentin,,medication,"pain, seizures"
glucagon,,medication,low blood sugar
glucose monitor,,medication,diabetes
hair loss meds,,medication,hair loss
headache med,,medication,pain
heart medications,,medication,heart disease
heart medicine,,medication,heart disease
heart medicines,,medication,heart disease
heartburn drug,,medication,heartburn
heartburn treatments,,medication,heartburn
hepatitis drug,,medication,hepatitis
hiv drugs,,medication,"aids, hiv"
hiv medications,,medication,"aids, hiv"
hiv prevention drug,,medication,"aids, hiv"
hiv prevention drug truvada,,medication,"aids, hiv"
hiv treatments,,medication,"aids, hiv"
hiv vaccine,,medication,"aids, hiv"
hooch prednisone,,medication,inflammation
hormone-free treatment,,medication,thyroid
humalog,,medication,diabetes
humalog,,medication,diabetes
humalog insulin,,medication,diabetes
humira,,medication,arthritis
hydrocodone-acetamin,,medication,pain
hydrocodone-acetmtamin,,medication,pain
hypertension drug,,medication,"heart disease, hypertension"
hypertension medications,,medication,"heart disease, hypertension"
ibuprofen,,medication,pain
imitrex,,medication,migraine 
infant antibiotics,,medication,antibiotics
influenza vaccination week,,medication,vaccine
inhaler symbicort,,medication,asthma
insulin,,medication,diabetes
januvia,,medication,diabetes
jardiance,,medication,diabetes
ketamine,,medication,"antidepressant, anesthesia"
kratom,,medication,seizures 
lamotrigine,,medication,seizures
lantus,,medication,diabetes
lasix,,medication,fluid retention
latuda,,medication,schizophrenia
levalbuterol,,medication,bronchospasm
levemir,,medication,diabetes
levothyroxine,,medication,hypothyroidism
levothyroxine,,medication,thyroid 
lipitor,,medication,cholesterol 
lomotil,,medication,diarrhea
lorazepam,,medication,epilepsy
lyrica,,medication,pain
maintenance inhaler,,medication,asthma
marijuana,,medication,cannabis 
marinol,,medication,nausea 
max solostar,,medication,diabetes
mealtime insulin humalog,,medication,diabetes
medication,,medication,
medx,,medication,exercise
meloxicam,,medication,inflammation
mentalhealth,,medication,mental health
metformin,,medication,diabetes
migraine medications,,medication,migraine
mucinex,,medication,guaifenesin
namzaric,,medication,alzheimers 
naproxen,,medication,pain
nerve pain medication,,medication,pain
nerve pain medicines,,medication,pain
neurontin,,medication,"pain, seizures"
nsaid,,medication,inflammatory 
nsaids,,medication,inflammation
nsaids ibuprofen,,medication,"pain, inflamation"
ointment,,medication,skin
opioid,,medication,pain
opioids,,medication,pain
opioids,,medication,pain
pain medication,,medication,pain
pain medications,,medication,pain
pain relief options,,medication,pain
pain reliever,,medication,pain
pain relievers,,medication,pain
paxil,,medication,antidepressant 
pcp,,medication,mind altering
penicillin,,medication,antibiotics
pens cost,,medication,diabetes
perles,,medication,cough
plavix,,medication,"heart disease, hypertension"
prednisone,,medication,inflammation
prescription cream,,medication,"skin, cream"
prescription pain relievers,,medication,pain
prescription skin creams,,medication,"skin, nail"
prescriptions drug solutions,,medication,"skin, cream"
procrit,,medication,anemia
progesterone,,medication,menopause
proton-pump inhibitors,,medication,
prozac,,medication,antidepressant 
qvar,,medication,"asthma, copd"
qvar redihaler,,medication,"asthma, copd"
retacrit,,medication,anemia
retacrit,,medication,anemia
ritalin,,medication,attention deficit
sanofi,,medication,diabetes
seizure medication,,medication,seizure
shingles pain relief,,medication,"pain, seizures"
sildenafil,,medication,erectile dysfunction
singulair,,medication,allergy
skin creams,,medication,"skin, cream"
sleep aid,,medication,"sleep, insomnia"
sleep medication,,medication,"sleep, insomnia"
sleep supplements,,medication,"sleep, insomnia"
solostar pens,,medication,diabetes
specialty drugs,,medication,
spironolactone,,medication,"heart disease, hypertension"
spray flu vaccine,,medication,"vaccine, flu"
sprays,,medication,
statins,,medication,cholesterol 
stimulants,,medication,erectile dysfunction
sudafed,,medication,sinus
summer diabetes med,,medication,diabetes
synthroid,,medication,hypothyroidism
tadalafil,,medication,erectile dysfunction
tamiflu,,medication,vaccine
taytulla,,medication,birth control 
thc,,medication,cannabis
thyroid med,,medication,thyroid
thyroid medication,,medication,thyroid
thyroid meds,,medication,thyroid
thyroid pill,,medication,thyroid
topamax,,medication,seizures
travel ailments,,medication,travel
travel meds,,medication,travel
treat cancers,,medication,cancer
treatment cream,,medication,cream
treseba,,medication,diabetes
truvada,,medication,"aids, hiv"
tylenol,,medication,pain
uloric,,medication,gout
uloric,,medication,gout
urea,,medication,"skin, nail"
vaccinations,,medication,vaccine
vaccine,,medication,vaccine
vaccine options,,medication,vaccine
vaccines,,medication,vaccine
valsartan,,medication,"heart disease, hypertension"
ventolin,,medication,bronchospasm
ventolin,,medication,bronchospasm
ventolin,,medication,bronchospasm
viagra,,medication,erectile dysfuntion
viagra,,medication,erectile dysfunction
viagra,,medication,erectile dysfunction
warfarin,,medication,"heart disease, hypertension"
weight loss drugs,,medication,weight loss
weight loss medication,,medication,weight loss
weight loss medications,,medication,weight loss
xanax,,medication,anxiety 
xarelto,,medication,"heart disease, hypertension"
yeast infection treatments,,medication,yeast infection
zantac,,medication,"heartburn, ulcer"
zolgensma,,medication,spinal
zoloft,,medication,antidepressant 
z-packs,,medication,antibiotic
z-pak,,medication,infections
z-paks,,medication,antibiotic 
zyrtec,,medication,allergy 
drug errors,,medication-,
overdose,,medication-,
side effect,,medication-,
drug interaction issues,,medication ,
transplant anti rejection,,medication                                               ,
#cancer patients,cancer,patients,
cancer patient,"cancer, patients",patients,
consumer guidance,consumer guidance,patients,
customers information,consumer guidance,patients,
healthcare consumer,"consumer, health",patients,
dementia sufferers,dementia,patients,
diabetes patient,"diabete, patient",patients,
patients health,"patients, health",patients,
sleep apnea sufferers,sleep apnea,patients,
#patients,,patients,
community health center patients,,patients,
patient,,patients,
patient solutions,,patients,
patients,,patients,
patients thousands,,patients,
pharmacy patients,,patients,
race patients,,patients,
sufferer,,patients,
sufferers,,patients,
abomination,christian,religion,
bible,christian,religion,
christian,christian,religion,
church,christian,religion,
churches,christian,religion,
eternity,christian,religion,
faith,christian,religion,
god,christian,religion,
heaven,christian,religion,
jesus,christian,religion,
jesus christ,christian,religion,
prayers,christian,religion,
breast cancer survivors,cancer,segment,
blink,blinkhealth,service,
blink health representative,blinkhealth,service,
coverage options,coverage options,service,
coverage today,coverage options,service,
consumer experience,customer care,service,
consumer healthcare,customer care,service,
consumer reports,customer care,service,
consumer review,customer care,service,
customer care,customer care,service,
customer care team,customer care,service,
customer experience,customer care,service,
customer experience team,customer care,service,
customer service,customer care,service,
customer service person,customer care,service,
customer service representative,customer care,service,
customer service specialists,customer care,service,
customer service team,customer care,service,
customer support team,customer care,service,
drug delivery,delivery,service,
home delivery experience,delivery,service,
home delivery service,delivery,service,
mail delivery,delivery,service,
mail delivery process,delivery,service,
mail order,delivery,service,
mail order places,delivery,service,
mail pharmacy,delivery,service,
prescription drug delivery,delivery,service,
rx delivery,delivery,service,
shipping methods,delivery,service,
shipping time,delivery,service,
disability entrance,disability care,service,
disability rights advocate,disability care,service,
clinician,doctor,service,
goodrx cigna,goodrx,service,
goodrx february,goodrx,service,
health app,health care,service,
health app today,health care,service,
healthcare,health care,service,
data-driven healthcare,healthcare,service,
drug list,healthcare service,service,
ehrs,healthcare service,service,
health care information market,healthcare service,service,
health care shopping platform,healthcare service,service,
health data,healthcare service,service,
health data analytics,healthcare service,service,
health equity,healthcare service,service,
health healthcare ecosystem,healthcare service,service,
health services,healthcare service,service,
health site,healthcare service,service,
health site category,healthcare service,service,
health website,healthcare service,service,
healthcare access,healthcare service,service,
healthcare consumer solution,healthcare service,service,
healthcare delivery,healthcare service,service,
healthcare disparity,healthcare service,service,
healthcare sector,healthcare service,service,
healthcare service,healthcare service,service,
hiv status,healthcare service,service,
med coverage,healthcare service,service,
medication discount program,healthcare service,service,
medication optimization,healthcare service,service,
medication optimization #api,healthcare service,service,
medication optimization api,healthcare service,service,
medication synchronization,healthcare service,service,
medication therapy management,healthcare service,service,
patients access,healthcare service,service,
pill reminder app,healthcare service,service,
prescription decision support platform,healthcare service,service,
provider notes,healthcare service,service,
quality guidelines,healthcare service,service,
quality transparency,healthcare service,service,
reminders app,healthcare service,service,
savings program information,healthcare service,service,
self-pay prices,healthcare service,service,
service expectation,healthcare service,service,
service questions,healthcare service,service,
subscription service,healthcare service,service,
technology expertise,healthcare service,service,
tele-health,healthcare service,service,
telemedicine,healthcare service,service,
telemedicine apps,healthcare service,service,
telemedicine service,healthcare service,service,
text message reminders,healthcare service,service,
therapy,healthcare service,service,
time delivery,healthcare service,service,
tips,healthcare service,service,
transparency solutions,healthcare service,service,
packaging materials,packaging,service,
payment method,payment,service,
payment methods,payment,service,
payments,payment,service,
pharmacy lines,pharmacy,service,
prescription policies,prescription,service,
prescription transfers,prescription,service,
ingredient quality issues,service issue,service,
limits consumer choice,service issue,service,
medigap plan,service issue,service,
rebates limit consumer choice,service issue,service,
refund request,service issue,service,
rehab rating,service issue,service,
shipments,shipments,service,
shipping,shipments,service,
shipping box,shipments,service,
shipping department,shipments,service,
treatment drug trials,treatments,service,
treatment options,treatments,service,
treatments,treatments,service,
cord injury,injury,service-,
med errors,medication mistakes,service-,
medication mistakes,medication mistakes,service-,
misdiagnosis,medication mistakes,service-,
prescription medicine mistakes,medication mistakes,service-,
apologies,service issue,service-,
chaos,service issue,service-,
corruption,service issue,service-,
delivery problems,service issue,service-,
denied,service issue,service-,
disappointment,service issue,service-,
dissatisfaction,service issue,service-,
drug shortage,service issue,service-,
drug shortages,service issue,service-,
error,service issue,service-,
errors,service issue,service-,
face barriers,service issue,service-,
frustration,service issue,service-,
hassle,service issue,service-,
inconvenience,service issue,service-,
inconveniences,service issue,service-,
limitations,service issue,service-,
misinformation,service issue,service-,
myths,service issue,service-,
nightmares,service issue,service-,
pressure,service issue,service-,
problem,service issue,service-,
problems,service issue,service-,
rabbit hole,service issue,service-,
restrictions,service issue,service-,
risk,service issue,service-,
risks,service issue,service-,
scam,service issue,service-,
scams,service issue,service-,
shame,service issue,service-,
shortage,service issue,service-,
spam,service issue,service-,
supply shortages,service issue,service-,
treatment scams,service issue,service-,
uncertainty,service issue,service-,
wait,service issue,service-,
waste,service issue,service-,
worries,service issue,service-,
hipaa-compliant,healthcare guidelines,service ,
care services,healthcare service,service ,
healthcare solutions,healthcare service,service ,
smartwatch,,service ,
home delivery,delivery,service+,
support group,health support,service+,
support staff,health support,service+,
support team,health support,service+,
#caregiving,healthcare service,service+,
access,healthcare service,service+,
accountability,healthcare service,service+,
advantage,healthcare service,service+,
advocate,healthcare service,service+,
advocate team,healthcare service,service+,
answer,healthcare service,service+,
answers,healthcare service,service+,
assistance,healthcare service,service+,
assistance program,healthcare service,service+,
assistance programs,healthcare service,service+,
availability,healthcare service,service+,
benefits,healthcare service,service+,
best service,healthcare service,service+,
bravo,healthcare service,service+,
breakthrough technology,healthcare service,service+,
care,healthcare service,service+,
care solutions,healthcare service,service+,
chat feature,healthcare service,service+,
chat functionality,healthcare service,service+,
choice,healthcare service,service+,
choices,healthcare service,service+,
coaching,healthcare service,service+,
commitment,healthcare service,service+,
competence,healthcare service,service+,
congrats,healthcare service,service+,
congratulations,healthcare service,service+,
convenience,healthcare service,service+,
customer care team members,healthcare service,service+,
disruptor,healthcare service,service+,
effectiveness,healthcare service,service+,
employee values,healthcare service,service+,
experience,healthcare service,service+,
experts,healthcare service,service+,
friendships,healthcare service,service+,
gift,healthcare service,service+,
gifts,healthcare service,service+,
godsend,healthcare service,service+,
health centers,healthcare service,service+,
health solutions,healthcare service,service+,
healthcare innovation,healthcare service,service+,
healthcare services,healthcare service,service+,
help desk,healthcare service,service+,
holistic environment,healthcare service,service+,
hope,healthcare service,service+,
impact,healthcare service,service+,
improvement,healthcare service,service+,
inclusion,healthcare service,service+,
innovation,healthcare service,service+,
innovators,healthcare service,service+,
kick ass,healthcare service,service+,
kind feedback,healthcare service,service+,
kind note,healthcare service,service+,
kind words,healthcare service,service+,
kudos,healthcare service,service+,
life changer,healthcare service,service+,
lifesaver,healthcare service,service+,
lifetime,healthcare service,service+,
love,healthcare service,service+,
luxury,healthcare service,service+,
medication thanks,healthcare service,service+,
medication therapies,healthcare service,service+,
model health care,healthcare service,service+,
nurses association,healthcare service,service+,
opportunity,healthcare service,service+,
perks,healthcare service,service+,
pharmacy care,healthcare service,service+,
praises,healthcare service,service+,
privacy,healthcare service,service+,
professional,healthcare service,service+,
proof,healthcare service,service+,
quality,healthcare service,service+,
quickcare,healthcare service,service+,
relationships,healthcare service,service+,
resolution,healthcare service,service+,
resources,healthcare service,service+,
revolution,healthcare service,service+,
rewards,healthcare service,service+,
safety measure,healthcare service,service+,
safety standards,healthcare service,service+,
satisfaction,healthcare service,service+,
saviours,healthcare service,service+,
security,healthcare service,service+,
shout,healthcare service,service+,
shoutout,healthcare service,service+,
solution,healthcare service,service+,
solutions,healthcare service,service+,
strength,healthcare service,service+,
support,healthcare service,service+,
technology solutions,healthcare service,service+,
testimonial,healthcare service,service+,
thank you,healthcare service,service+,
thanks,healthcare service,service+,
thanks,healthcare service,service+,
thanks,healthcare service,service+,
thnx,healthcare service,service+,
thx,healthcare service,service+,
treatment accuracy,healthcare service,service+,
truth,healthcare service,service+,
upgrade,healthcare service,service+,
vision,healthcare service,service+,
wellness consultant,healthcare service,service+,
quality care,quality,service+,
quality control,quality,service+,
quality product,quality,service+,
quantity discrepancy,service issue,service+,
shipment,shipment,service+,
shipment today,shipment,service+,
consumer enablement,consumer empowerment,transparency,
customers privacy,consumer empowerment,transparency,
cost transparency,cost transparency,transparency,
cost/qual transparency,cost transparency,transparency,
cost/quality transparency,cost transparency,transparency,
medication pricing transparency,cost transparency,transparency,
transparency healthcare costs,cost transparency,transparency,
drug price transparency,drug price transparency,transparency,
drug pricing transparency,drug price transparency,transparency,
drug pricing transparency law,drug price transparency,transparency,
drug transparency,drug price transparency,transparency,
health care cost transparency,healthcare transparency,transparency,
health care pricing transparency,healthcare transparency,transparency,
health costs /price transparency,healthcare transparency,transparency,
health price transparency,healthcare transparency,transparency,
healthcare price transparency,healthcare transparency,transparency,
healthcare transparency,healthcare transparency,transparency,
healthcare transparency,healthcare transparency,transparency,
healthcare transparency consumer payments,healthcare transparency,transparency,
healthcare transparency shopping,healthcare transparency,transparency,
medication transparency,medication transparency,transparency,
medication value transparency,medication transparency,transparency,
price transparency,price transparency,transparency,
price transparency manifesto part,price transparency,transparency,
price transparency map,price transparency,transparency,
price transparency panel,price transparency,transparency,
price transparency solution,price transparency,transparency,
price transparency tools,price transparency,transparency,
price transparency/empowering,price transparency,transparency,
price-disclosure requirement,price transparency,transparency,
price-transparency movement,price transparency,transparency,
pricing transparency,price transparency,transparency,
pricing transparency hype,price transparency,transparency,